"personnel_id","last_name","first_name","middle_name","address","city","state","postal_code","country","telephone1","telephone2","email1","email2","fax1","fax2"
"1","Nowak","David"," ","USDA Forest Service; c/o SUNY College of Environmental Science and Forestry; 5 Moon Library","Syracuse","NY","13210","USA","315-448-3200","","dnowak@fs.fed.us","","315-448-3216",""
"2","Vose","James","M.","3160 Coweeta Lab Road","Otto","NC","28763","USA","828-524-2128","","jvose@fs.fed.us","","828-369-6768",""
"3","Ziemer","Robert","R.","USDA Forest Service; Redwood Sciences Laboratory; 1700 Bayview Drive","Arcata","CA","95521","USA","707-825-2936","707-825-2900","rziemer@fs.fed.us","rrz7001@axe.humboldt.edu","707-825-2901",""
"4","Swanson","Fred"," ","USDA Forest Service; Forestry Sciences Laboratory; 3200 SW Jefferson Way","Corvallis","OR","97331","USA","541-750-7355","","fred.swanson@orst.edu","fswanson@fs.fed.us","541-758-7760",""
"5","Henshaw","Don"," ","USDA Forest Service; Forestry Sciences Laboratory; 3200 SW Jefferson Way","Corvallis","OR","97331","USA","541-750-7335","","don.henshaw@oregonstate.edu","dhenshaw@fs.fed.us","541-758-7760",""
"6","Marion ","Daniel","A.","USDA Forest Service; Southern Research Station; 100 Reserve Street","Hot Springs","AR","71902","USA","501-623-1180","","dmarion@fs.fed.us","fsmarion@olemiss.edu","501-623-0186",""
"7","McArthur","E.","Durant","Rocky Mountain Research Station; Shrub Sciences Laboratory; 735 North 500 East","Provo","UT","84606","USA","801-377-5717","","dmcarthur@fs.fed.us","","801-375-6968",""
"8","Musselman","Robert"," ","USDA Forest Service; 240 West Prospect Road","Ft. Collins","CO","80526","USA","970-498-1239","","bobm@lamar.colostate.edu","","970-498-1010",""
"9","Eagar ","Christopher"," ","USDA Forest Service; Northeastern Research Station; P.O. Box 640","Durham","NH","0380103824-0640","USA","603-868-7636","","ceagar@fs.fed.us","","603-868-7603",""
"10","Clayton","James"," ","Rocky Mountain Research Station; 316 E. Myrtle Street","Boise","ID","83702","USA","208-373-4383","","jlclayton@fs.fed.us","","208-373-4391",""
"11","Scatena","F.","N.","International Institute of Tropical Forestry; P.O. Box 25,000","San Jaun","","00928","Puerto Rico","787-766-5335","","fns@sas.upenn.edu","","787-766-6302","787-766-6263"
"12","Neary","Daniel","G.","2500 South Pine Knoll Drive","Flagstaff","AZ","86001","USA","520-556-2176","","dneary@fs.fed.us","","520-556-2130",""
"13","Mowrer ","Todd","H.","USDA Forest Service; 240 W. Prospect","Fort Collins","CO","80626-2098","USA","970-498-1255","","tmowrer@fs.fed.us","","970-498-1010",""
"14","Lehmkuhl ","John","F.","Forestry Sciences Lab; 1133 N. Western Ave.","Wenatchee","WA","98801","USA","509-662-4315 ext 235","","jlehmkuhl@fs.fed.us","","509-664-2742",""
"15","Zornes","Nancy","A. ","2108 Entiat Way","Entiat","WA","98822","USA","509-784-1511","","nzornes@fs.fed.us","","509-664-2742",""
"16","Graham","Russell","T.","Rocky Mountain Research Station; Forestry Sciences Lab; 1221 South Main Street","Moscow","ID","83843","USA","208-883-2325","","rtgraham@fs.fed.us","","208-883-2318",""
"17","Jain","Theresa","Benevidez","Rocky Mountain Research Station; Forestry Sciences Lab; 1221 South Main Street","Moscow","ID","83843","USA","208-883-2325","","tjain@fs.fed.us","","208-883-2318",""
"18","Schmidt","Thomas","L.","1992 Folwell Ave.","St. Paul","MN","55108-6148","USA","651-649-5131","","tschmidt@fs.fed.us","","651-649-5140",""
"19","Sutherland","Elaine","Kennedy","800 East Beckwith; P.O. Box 8089","Missoula","MT","59807","USA","406-542-4169","","","","406-543-2663",""
"20","Warren","Melvin","L.","USDA Forest Service; Forest Hydrology Laboratory; 1000 Front Street","Oxford","MS","38655-4915","USA","662-234-2744 ext 34","","mwarren01@fs.fed.us","","662-234-8318",""
"21","DePuit","Ed","J.","Forestry Sciences Lab; 1133 N. Western Ave.","Wenatchee","WA","98801","USA","509-662-4315","","ejdepuit@fs.fed.us","","509-664-2742",""
"22","Halverson","Howard"," ","USDA Forest Service; Forest Hydrology Laboratory; 1000 Front Street","Oxford","MS","38655-4915","USA","662-234-2744 ext 37","","hhalverson@fs.fed.us","","662-234-8318",""
"23","Weise","David"," ","Forest Fire Lab; 4955 Canyon Crest Drive","Riverside","CA","92507","USA","909-680-1543","","dweise@fs.fed.us","","909-680-1501",""
"25","Adams  ","Mary Beth"," ","Timber & Watershed Lab; P.O. Box 404","Parsons","WV","26287","USA","304-478-2000 ext 130","","mbadams@fs.fed.us","","304-478-8692",""
"26","Birdsey ","Richard"," ","USDA FS, NERS; 11 Campus Blvd.; Ste. 200","Newtown Square","PA","19073","USA","610-557-4091","","rbirdsey@fs.fed.us","","610-557-4095",""
"27","Walker","Marilyn"," ","Univ. of Alaska; P.O. Box 756780","Fairbanks","AK","99775-6780","USA","907-474-2424","","mdwalker@fs.fed.us","","907-474-6251",""
"28","Garritt ","Robert","Hap","Marine Biological Lab; Ecosystems Center","Woods Hole","MA","02543","USA","508-289-7485","","hgarritt@mbl.edu","","508-457-1548",""
"29","Ryan","Doug"," ","","","","","USA","","","dryan01@fs.fed.us","","",""
"30","Hom","John"," ","","","","","USA","","","jhom@fs.fed.us","","",""
"31","Jones","Julia","A.","Oregon State University;Depn.t of Geosciences;Wilkinson Hall 104                                                                                                ","Corvallis","OR","97331-5506       ","USA","(541) 737-1224   ","","jonesj@geo.oregonstate.edu
","","(541) 737-1200 ",""
"32","Eads","Rand"," ","USDA Forest Service; Redwood Sciences Laboratory; 1700 Bayview Drive","Arcata","CA","95521","USA","707-825-2925","707-825-2900","reads@fs.fed.us","","707-825-2901",""
"33","Remillard","Suzanne","M.","Forestry Sciences Laboratory; 3200 SW Jefferson Way","Corvallis","OR","97331","USA","541-758-8767","","suzanne.remillard@oregonstate.edu","","541-758-7760",""
"34","Lewis","Jack"," ","USDA Forest Service; Redwood Sciences Laboratory; 1700 Bayview Drive","Arcata","CA","95521","USA","707-825-2929","707-825-2900","jlewis01@fs.fed.us","","707-825-2901",""
"35","Keppeler","Elizabeth","T.","State of California - Jackson Demonstration State Forest; Caspar Creek Watershed Lab; 802 N. Main Street","Fort Bragg","CA","95437","USA","707-964-1067","","ekeppeler@fs.fed.us","","707-961-1169",""
"36","McCaughey","Ward"," ","800 East Beckwith; P.O. Box 8089","Missoula","MT","59807","USA","406-994-5032","","wmccaughey@fs.fed.us","","406-994-5916",""
"37","Campbell","John","L.","USDA Forest Service; Northeastern Research Station; P.O. Box 640","Durham","NH","03824","USA","603-868-7643","315-470-6916","jcampbell@lternet.edu","jlcampbell@fs.fed.us","603-868-7604",""
"38","Ellsworth ","Alan"," ","USDA Forest Service; 240 West Prospect Road","Fort Collins","CO","80526-2098","USA","970-498-1052","970-498-1248","","","970-498-1010","970-498-1212"
"39","Porth","Laurie"," ","USDA Forest Service; 240 West Prospect Road","Fort Collins","CO","80526-2098","USA","970-498-1206","","lporth@fs.fed.us","","970-498-1010",""
"40","Sheldon","Wade"," ","Department of Marine Sciences; University of Georgia","Athens","GA","30602-3636","USA","","","sheldon@uga.edu","","",""
"41","Helvey","J.","David","","","","","USA","","","","","",""
"42","Fowler","William","B.","Huron-Manistee National Forest Supervisor's Office;1755 S. Mitchell St.","Cadillac","MI","49601","USA","231-775-5023 x8732","","wfowler@fs.fed.us","","231-775-5551",""
"43","Wood","Frederica"," ","USDA Forest Service; Timber & Watershed Lab; PO Box 404","Parsons","WV","26287","USA","304-478-2000 x128","","fwood@fs.fed.us","","304-478-8692",""
"44","Di Iorio","Daniela"," ","Department of Marine Sciences; University of Georgia","Athens","GA","30602-3636","USA","706-542-7020","","daniela@uga.edu","","",""
"45","Kaplan","Nicole","E.","","","","","USA","","","nicole.kaplan@colostate.edu","","",""
"46","King ","G.","John","Rocky Mountain Research Station; 316 E. Myrtle St.","Boise","ID","83702","USA","208-373-4384","","jgking@fs.fed.us","","208-373-4391",""
"47","Gerhardt","Nick","","Nez Perce National Forest; Rt. 2 Box 475","Grangeville","ID","83530","USA","208-983-1950 x5154","","ngerhardt@fs.fed.us","","208-983-4099",""
"48","Anderson                                     ","John                     ","","","","","","USA","","","janderso@jornada.nmsu.edu                         ","","",""
"49","Baker","Karen","S.                       ","                                                                                                                                                                ","","","","USA","","","kbaker@ucsd.edu                                   ","","",""
"50","Benson","Barbara","","","","","","USA","","","bjbenson@facstaff.wisc.edu                        ","","",""
"51","Boose","Emery","","","","","","USA","","","boose@fas.harvard.edu                             ","","",""
"52","Gao","Jincheng","","","","","","USA","","","jcgao@ksu.edu                                  ","","",""
"53","Brunt","James","","","","","","USA","","","jbrunt@unm.edu                                ","","",""
"54","Laundre ","Jim                      ","","The Ecosystems Center, Marine Biological Laboratory, 7 MBL St.
","Woods Hole","MA","02543","USA","508 289 7476","","jiml@mbl.edu                                      ","","508-457-1548
",""
"55","Melendez-Colom","Eda","","Institute for Tropical Ecosystem Studies, University of Puerto Rico, P.O. Box 363682","San Juan ","PR","00936-3682","USA","787-767-0334,0350","","emelendez@lternet.edu                    ","","",""
"56","Porter                                       ","John                     ","","","","","","USA","","","jhp7e@virginia.edu                                ","","",""
"57","Ramsey                                       ","Ken                      ","","","","","","USA","","","keramsey@nmsu.edu                                 ","","",""
"58","Chamblee","John","","Institute of Ecology; University of Georgia","Athens","GA","30602","USA","","","chamblee@uga.edu","","",""
"59","Walsh","Jonathon","","","","","","USA","","","walshj@ecostudies.org                             ","","",""
"60","Charlton","Brian","","","","","","USA","","","bacharlton@alaska.edu                         ","","",""
"61","McCartney","Peter","","","","","","USA","","","peter.mccartney@asu.edu                           ","","",""
"62","Johnson","Louise","A.                       ","","","","","USA","","","johns060@umn.edu                                  ","","",""
"63","Powell","Linda","A.                       ","Southeast Environmental Research Center; OE 148, Florida International University, University Park

","Miami","FL","33199","USA","305-348-6054","","powell@fiu.edu                                    ","","305-348-4096",""
"64","Kellogg","Data Manager ","","","","","","USA","","","lter.data.manager@kbs.msu.edu                     ","","",""
"65","Wheeler ","Kevin                    ","","","","","","USA","","","kevin.wheeler@colorado.edu                        ","","",""
"66","Blankman","David","","","","","","USA","","","dblankman@lternet.edu                             ","","",""
"67","Maddux","Troy","","","","","","USA","","","tmaddux@lternet.edu                               ","","",""
"68","Ackerman","Todd","M.                       ","University of Colorado
1560 30th Street
Campus Box 450
","Boulder","CO","80309","USA","303-492-4771","","todda@colorado.edu                         ","","",""
"69","Luan","Wei-Yee","","","","","","USA","","","luan@lifesci.ucsb.edu                             ","","",""
"70","Vanderbilt","Kristin","","","","","","USA","","","krvander@fiu.edu              ","","",""
"72","Fountain                                     ","Andrew                   ","","","","","","USA","","","fountaina@pdx.edu                                 ","","",""
"73","Gage                                         ","Stuart                   ","","","","","","USA","","","gages@pilot.msu.edu                               ","","",""
"74","Goodin","Doug","","","","","","USA","","","dgoodin@ksu.edu                                   ","","",""
"75","Greenland ","David                    ","","","","","","USA","","","greenlan@lsu.edu","","",""
"76","Gutschick                                    ","Vince                    ","","","","","","USA","","","vince@nmsu.edu                                    ","","",""
"77","Hayden                                       ","Bruce                    ","","","","","","USA","","","bph@virginia.edu                                  ","","",""
"78","Heisler","Gordon","","","","","","USA","","","gheisler@fs.fed.us                                ","","",""
"79","Hobbie ","John                     ","","The Ecosystems Center, Marine Biological Laboratory, 7 MBL St.
","Woods Hole","MA","02543","USA","508 289 7470","","jhobbie@mbl.edu                                   ","","508-457-1548
",""
"80","Kloeppel","Brian","","","","","","USA","828-524-2128 ext 127","","kloeppel@uga.edu                    ","","828-369-6768",""
"81","Lauenroth                                    ","William                  ","","","","","","USA","","","billl@cnr.colostate.edu                           ","","",""
"82","Losleben","Mark","","","Boulder","CO","80309","USA","","","markl@colorado.edu                         ","","",""
"83","Lyons ","Berry                ","","","","","","USA","","","lyons.142@osu.edu                                 ","","",""
"84","Foster                                    ","David","R.","Harvard Forest and Department of Organismic and Evolutionary Biology; Harvard University
Department of Organismic and Evolutionary Biology
Harvard Forest and Department of Organismic and Evolution; Harvard University","Petersham","MA","01366","USA","978-724-3302 ","","drfoster@fas.harvard.edu","","978-724-3595 ",""
"86","Mitchell","Katherine","","","","","","USA","","","kathmitc@nmsu.edu                            ","","",""
"87","Moore","Julie","D.","USDA Forest Service; southern Research Station; Coweeta Hydrologic Laboratory","Otto","NC","","USA","828-524-2128 x123","","jdmoore@fs.fed.us","jmoore@sparc.ecology.uga.edu                      ","",""
"88","Moore","Douglas","","","","","","USA","","","dmoore@sevilleta.unm.edu                          ","","",""
"89","Nylen","Thomas","","","","","","USA","","","bjtn@pdx.edu                                      ","","",""
"90","Robertson                                    ","G.                       ","Philip                   ","","","","","USA","","","robertson@kbs.msu.edu                             ","","",""
"91","Schaefer                                     ","Douglas                  ","","","","","","USA","","","dschaete@upracd.upr.clu.edu                       ","","",""
"92","Seastedt","Timothy","","","","","","USA","","","tims@culter.colorado.edu                          ","","",""
"93","Smith                                        ","Raymond                  ","","","","","","USA","","","ray@icess.ucsb.edu                                ","","",""
"94","Laseter","Stephanie","","","","","","USA","828-524-2128 x 123","","slaseter@fs.fed.us                                ","","",""
"95","Viereck","Leslie","","","","","","USA","","","lviereck@lter.uaf.edu                             ","","",""
"97","Waide                                        ","Robert                   ","","","","","","USA","","","rwaide@lternet.edu                                ","","",""
"98","Wang","Zhaohui","","","","","","USA","","","zwang@arches.uga.edu                              ","","",""
"99","Stafford","Susan","","","","","","USA","","","stafford@cnr.colostate.edu                        ","","",""
"100","Johnson ","Sherri                   ","","","","","","USA","","","johnsons@fsl.orst.edu                             ","","",""
"101","Arnall","Tom","","USDA Forest Service; Redwood Sciences Laboratory; 1700 Bayview Drive","Arcata","CA","95521","USA","707-825-2975","","","","707-825-2901",""
"102","Davis","Wendy","","","","","","USA","","","fnwad1@uaf.edu                                    ","","",""
"103","Thompson","Tyler","W.","Great Basin Research; 542 N. Main","Ephraim","UT","84627","USA","435-283-4441","","tylerthompson@utah.gov","twt@email.byu.edu","435-283-5616",""
"104","Woodsmith ","Richard","D.","USDA Forest Service;PNW Research Station; 1133 North Western Ave.","Wenatchee","WA","98801","USA","509-662-4315 x 227","","rwoodsmith@fs.fed.us","","509-664-2742",""
"107","Smith ","Bob","","","","","","USA","","","rbsmith@fs.fed.us","","",""
"108","Kennedy","Deb","","Rocky Mountain Research Station; 316 E. Myrtle St.","Boise","ID","83702","USA","208-373-4353","","dakennedy@fs.fed.us","","208-373-4391",""
"109","Seyedbagheri","Kathy","","Rocky Mountain Research Station; 316 E. Myrtle St.","Boise","ID","83702","USA","208-373-4370","","kseyedbagheri@fs.fed.us","","208-373-4391",""
"110","Updegraff","Karen","","Forest Resources, University of Minnesota","St. Paul","MN","55104","USA","612-625-0298","","karen@brimson.com","","",""
"111","Kolka","Randy","K.","Forest Resources, University of Minnesota","St. Paul","MN","55104","USA","218-326-7115","","rkolka@fs.fed.us","","",""
"112","Elling","Art","","Forest Resources, University of Minnesota","St. Paul","MN","55104","USA","218-326-7112","","aelling@fs.fed.us","","",""
"113","Amatya ","Devendra ","M.","Center for Forested Wetlands Research
USDA Forest Service
2730 Savannah Highway","Charleston","SC","29414","USA","843-766-0371 (Ext 120)
"," ","damatya@fs.fed.us"," ","843-766-8734"," "
"114","Hollingsworth","Jamie","","Bonanza Creek Long Term Ecological Research","Fairbanks","AK","99775-6780","","","","jhollingsworth@alaska.edu","","",""
"115","Bhandarkar","Saritha","","Center for Environmental Studies, ASU","Phoenix","AZ","","","(480)727-7290","","Saritha.Bhandarkar@asu.edu","saritha78@yahoo.com","",""
"116","Belludi","Harsha","","","","","","","","","harsha@sevilleta.unm.edu","","",""
"117","Sevilleta","Data Set Contact Group","","","","","","","","","climdb@sevilleta.unm.edu","","",""
"118","Beighley ","Ed","","Marine Science Institute,  University of California","Santa Barbara","CA","93106","","805-893-7801","","beighley@icess.ucsb.edu","","",""
"119","Balsiger","Dave","","","","","","","","","dbalsiger@wisc.edu","","",""
"120","Ehde ","Craig","","","","","","","843-766-0371 x 125
","","cehde@fs.fed.us
","","843-766-8734",""
"121","Peterson","Bruce ","","The Ecosystems Center, Marine Biological Laboratory, 7 MBL St.","Woods Hole","MA","02543","USA","508 289 7484","","peterson@mbl.edu","","508-457-1548
",""
"122","Hopkinson","Chuck","","Marine Biological Lab,Ecosystems Center,7 MBL Street
","Woods Hole","MA","","USA","508-289-7688","","chopkins@mbl.edu","","508-457-1548",""
"123","Caine","Nel","","","Boulder","CO","80309","","","","cainen@colorado.edu","","",""
"124","Bahauddin","Dan","","Cedar Creek Natural History Area; 2660 Fawn Lake Dr. NE","Bethel","MN","55005","","763-434-5131","612-625-5738","bahau001@umn.edu","","",""
"125","Burke ","Marianne ","","USDA Forest Service, Southern Research Station
Center for Forested Wetlands Research
2730 Savannah Highway
","Charleston","SC","29414","USA","843-766-0371 x118","","mburke@fs.fed.us
","","843-766-8734
",""
"126","Clifton ","Caty ","","Umatilla National Forest, 2517 SW Hailey Ave
","Pendleton","OR","97801  ","","(541) 278-3822","","cclifton@fs.fed.us","","",""
"127","Edwards","Rick","","","Juneau","AK","","","","","rtedwards@fs.fed.us","","",""
"128","Grayson ","Jenny","","","Juneau","AK","","","","","getgrayson@yahoo.com","","",""
"129","Hunsaker ","Carolyn ","T.","USDA Forest Service
2081 E. Sierra Avenue","Fresno","CA","93710","","559-323-3211","","chunsaker@fs.fed.us
","","559-297-3355",""
"130","Cabrera","Isaac","","PSW, Sierra Nevada Research Center, Sierra Nevada Research Center","Fresno","CA","93710","","","","","icabrera@fs.fed.us","",""
"131","Whitaker","Tom","","Pacific Southweat Research Station; USDA Forest Service","Fresno","CA","93710","","559-323-3210","","twhitaker@fs.fed.us","","559-297-3355",""
"132","Bohm ","Sven ","","W.K. Kellogg Biological Station
Michigan State University","Hickory Corners","MI","49060","","","","bohms@kbs.msu.edu","","",""
"133","Bryant ","Mason ","","PNW Research Station
Juneau Forestry Sciences Lab
2770 Sherwood Ln. Ste. 2A","Juneau","AK","99801-8545","","(907) 586-8811 x228","","mdbryant@fs.fed.us","","(907) 586-7848",""
"134","Wright ","Brenda ","","PNW Research Station
Juneau Forestry Sciences Lab
2770 Sherwood Ln. Ste. 2A","Juneau","AK","99801-8545","","(907) 586-8811 x244","","bwright01@fs.fed.us","","(907) 586-7848",""
"135","Blair","John","M.","Division of Biology.232 Ackert Hall. Kansas State University","Manhattan","KS","66506-4901","","(785) 532-7065","","jblair@ksu.edu","","(785) 532-6653",""
"136","Murdoch ","Pete","","425 Jordan Road","Troy","NY","12180","","518-285-5663","","pmurdoch@usgs.gov","","518-285-5601",""
"137","Firda","Gary ","","425 Jordan Road","Troy","NY","12180","","(518) 285-5671
","","gfirda@usgs.gov","","(518) 285-5601
",""
"138","O'Brien","Margaret ","","SBC-LTER Data Management
Marine Science Institute
UCSB
","Santa Barbara","CA","93106","","805-893-2071","","mob@msi.ucsb.edu","","",""
"139","Yang","Chi","","","","","","","","","Chi.Yang@Colorado.EDU","","",""
"140","Swanson","Bob","","Forest Hydrology Consultant
#28, 216 Three Sisters Drive
","Canmore","AB","T1W 2M2","Canada","(403) 678-6096","","rhswan@telusplanet.net","","",""
"141","Truesdell","Aaron","","","Juneau","AK","","","","","atruesdell@fs.fed.us","","",""
"142","Clein","Joy","","","","","","","","","fnjsc4@uaf.edu","","",""
"143","Lisle","Tom","E.","USDA Forest Service, Pacific Southwest Research Station
Redwood Sciences Laboratory
1700 Bayview Drive
","Arcata","CA","95521","","707-825-2930","","tel7001@axe.humboldt.edu","","707-825-2901",""
"144","Montoya","Diane","S.","","","","","","707-825-2981","","dsutherland@fs.fed.us","","",""
"145","Elder ","Kelly ","","","","","","","","","kelder@fs.fed.us","","",""
"146","Valentine","Theresa","","","","","","","","","theresa.valentine@oregonstate.edu","","",""
"147","Green","David ","","","","","","","208-983-4055","","dcgreen@fs.fed.us","","",""
"148","Foltz","Randy","","","","","","","","","rfoltz@fs.fed.us","","",""
"149","Luce","Charlie ","","","","","","","","","cluce@fs.fed.us
","","",""
"150","Howard","Gayle ","","","","","","","","","gahoward@fs.fed.us
","","",""
"151","Seyedbagheri","Kathy","","Rocky Mountain Research Station; 316 E. Myrtle St.","Boise","ID","83702","USA","208-373-4370","","kseyedbagheri@fs.fed.us","","208-373-4391",""
"152","Galloway","Jim","","","","","","","","","jgalloway@mbl.edu","","",""
"153","Moore","Chris","","","","","","","","","cwm4y@neon.mail.virginia.edu","","",""
"154","Deviney, Jr.","Frank ","A.","","","","","","","","deviney@virginia.edu ","","",""
"155","Webb","Rick","","","","","","","","","rwebb@virginia.edu ","","",""
"156","Ahl ","Robert ","","Department of Forest Management
College of Forestry and Conservation
The University of Monatana","","","","","","","ra148270@cue1.umt.edu","","",""
"157","Dorrance","Carrie","","","","","","","(218) 326-7112","","cdorrance@fs.fed.us","","",""
"158","Gries","Corinna","","Center for Environmental Studies, ASU","Phoenix","AZ","","","","","corinna@asu.edu","","",""
"159","Kortz","Mason","","","","","","","","","mkortz@coast.ucsd.edu","","",""
"160","Riordan","Brian","","","","","","","(907) 474-6364","","ftbar1@uaf.edu","","",""
"161","Chen","Chien-Wen (Kevin)","","Taiwan Forestry Research Institute","","","","Taiwan","886-89-781302","886-2-23039978 ","lrrhchen@tfri.gov.tw","lrrhchen@gmail.com","",""
"162","Lin","Hsu-Hong","","","","","","Taiwan","","","hsuhong@gmail.com","","",""
"163","Hyde","Karla","","","","","","","","","karla.hyde@gmail.com","","",""
"164","Gardner","Chris","","Byrd Polar Research Center; 108 Scott Hall; 1090 Carmack Rd","Columbus","OH","43210","","1-614-292-3229 ","","Gardner.177@osu.edu","","",""
"165","McKnight","Diane","","University of Colorado; INSTAAR; 1560 30th Street; Campus Box 450","Boulder","CO","80309-0450","","","","diane.mcknight@colorado.edu","","",""
"166","Chen ","Chi-Ling ","","","","","","Taiwan","","","Chiling@wufeng.tari.gov.tw","","",""
"167","Yao","Ming-Hui","","","","","","Taiwan","","","MHYao@wufeng.tari.gov.tw","","",""
"168","Lin","Wen-Chih","","","","","","Taiwan","","","lwenc@tfri.gov.tw","","",""
"169","Li","Chen-Hsien","","","","","","Taiwan","","","chiien@tfri.gov.tw","","",""
"170","Peng","Jui-Fen","","","","","","Taiwan","","","jjung@tfri.gov.tw","","",""
"171","Lai","Jian-Jhih","","","","","","Taiwan","","","fish6902@ms52.hinet.net","","",""
"172","Jones","Jay","","Institute of Arctic Biology, University of Alaska","Fairbanks","AK","99775","","(907) 474-7972","","Jay.Jones@alaska.edu","","(907) 474-6967",""
"173","Tilman","David","","","","","","","","","tilman@umn.edu","","",""
"174","Downing","Jason","","","Fairbanks","AK","","","(907) 474-6364
","","jpdowning@alaska.edu","","",""
"175","Ryeol Na","Hang","","","","","","","","","nhr24@hotmail.com","","",""
"176","Chapin","F. S.","","","","","","","","","fffsc@uaf.edu","","",""
"177","Skibbe","Adam","","Division of Biology, Kansas State University","Manhattan","KS","66506-4901","","785-532-6729","","askibbe@ksu.edu","","",""
"178","Bible","Ken","","","","WA","","","509-427-8019","","kbible@u.washington.edu","","",""
"179","Sebestyen","Stephen ","D.","USDA Forest Service, Northern Research Station","Grand Rapids","MN","55744-3399","USA","218-326-7108","","ssebestyen@fs.fed.us","","",""
"180","Gragson","Ted","L.","250 Baldwin Hall","Athens","GA","30602-1619","","706-542-1460","","tgragson@uga.edu","","706-542-3998",""
"181","Love","Jason","","","","","","","","","jplove@uga.edu","","",""
"182","Lu","Yi-Chun (Fion)","","","","","","Taiwan","","","misyii@gmail.com","","",""
"183","Chen","Chien-Wen (Kevin)","","","","","","Taiwan","","","lrrhchen@tfri.gov.tw","","",""
"184","Gastil-Buhl (""Gastil"")","M.","","","Santa Barbara","CA","","","","","gastil@msi.ucsb.edu","","",""
"185","Welch","Sue","","","","","","","","","welch.318@osu.edu","","",""
"186","Humphries","Hope","","","","","","","","","Hope.Humphries@colorado.edu","","",""
"187","Baker","Karen","","","","","","","","","kbaker@ucsd.edu","","",""
"188","Shin","Peter","","9500 Gilman Dr MC 0404","La Jolla","Ca","92093-0404","","","","peter.shin.sdsc@gmail.com","","",""
"189","Schmitt","Russel","J.","","","","","","","","schmitt@lifesci.ucsb.edu","","",""
"190","Carpenter","Robert","","","","","","","","","robert.carpenter@csun.edu","","",""
"191","Edmunds","Peter","","","","","","","","","peter.edmunds@csun.edu","","",""
"192","Holbrook","Sally","","","","","","","","","holbrook@lifesci.ucsb.edu","","",""
"193","Brooks","Andrew","J.","","","","","","","","brooks@msi.ucsb.edu","","",""
"194","Gries","Corinna","","UW - Center for Limnology","Madison","WI","53706-1492","","","","cgries@wisc.edu","","",""
"195","Stanley","Emily","","","","","","","","","ehstanley@wisc.edu","","",""
"196","Stuemky","Matt","","Sierra Nevada Research Center; Pacific Southwest Research Station","Fresno","CA","93710","","559-323-3230","","mstuemky@fs.fed.us","","",""
"197","Tarrant","Phil","","","","","","","","","ptarran@asu.edu","","",""
"198","Xia","Yang","","","","","","","","","yxia@lternet.edu","","",""
"199","Conners","James","","","","","","","","","j4gordon@ucsd.edu","","",""
"200","Conners","James","","","","","","","","","jconners@ucsd.edu","","",""
"201","Stephenson","Aaron","","Univ of Wisconsin. 680 N Park St ","Madison","WI","53706-1492 ","USA","","","ajstephenson@wisc.edu","","",""
"202","Reid","Leslie","","","","","","","","","lreid@fs.fed.us","","",""
"203","Seehafer","Jayme","","","","","","","","","jeseehafer@fs.fed.us","","",""
"204","Bennett","Keven","","Olympic Natural Resources Center","Washington","","","","","","kbenet@u.washington.edu","k2ebennett@comcast.net","",""
"205","Minkova","Teodora","","","","","","","360-902-1175","","teodora.minkova@dnr.wa.gov","","",""
"206","Ruess","Roger","W.","University of Alaska","Fairbanks","AK ","99775","","","","rwruess@alaska.edu ","","",""
"207","Niggemann","Rebecca","","","Washington","","","","360.902.1531","","REBECCA.NIGGEMANN@dnr.wa.gov","","",""
"208","Williams","Mark","","","","","","","","","markw@snobear.colorado.edu","","",""
"209","Morse","Jennifer","","","","","","","","","jennifer.f.morse@colorado.edu","","",""
"210","Martin","Mary","","","Durham","NH","03824","","","","","","",""
"211","San Gil","Inigo","","MSC 03 2020, Ceria Bld. University of New Mexico","Albuquerque","New Mexico","87131","USA","505 277 2625","","isangil@lternet.edu","","505 277 2541",""
"212","Xia","Yang","","Division of Biology, Kansas State University","Manhattan","KS","66506-4901","USA","785-532-6729","","yangx@ksu.edu","","",""
"213","Dillon","Dan","","","","","","USA","","","Dillond@caryinstitute.org","","",""
"214","Taylor","Jeff","","","","","","","","","jht@ksu.edu","","",""
"215","Herndon","Brian","","Institute of Ecology; University of Georgia","Athens","GA","30602","USA","","","bherndon@uga.edu","","",""
"216","Vanderbilt","Kristin","","","","","","","","","krvander@fiu.edu","","",""
"217","Earl","Stevan","","","","","","","","","stevan.earl@asu.edu","","",""
"218","Brown","Renée","F","University of New Mexico, Department of Biology","Albuquerque","NM","87131","","(505) 277-9342","","rfbrown@unm.edu","","",""
"219","Hall","Kris","","","","","","USA","","","Khall001@unm.edu","","",""
"220","Nippert","Jesse","","116 Ackert Hall, Division of Biology, Kansas State University","Manhattan","KS","66506","","785-532-0114","","nippert@ksu.edu","","",""
"221","Jackson","Rhett","","University of Georgia, 180 E Green Street","Athens","GA","30602","USA","","","rjackson@warnell.uga.edu","","",""
"222","Miniat","Chelcy","Ford","University of Georgia","Athens","GA","30602","","","","cfminiat@fs.fed.us","","",""
